,dataset,roc auc,accuracy,precision,recall,f1score
Results for ANN
,datasets/classification/cla3monthSurvival.csv,0.50686199031928,0.9212984396246248,0.9434107324819901,0.9747629416775213,0.9587748849969487
,datasets/classification/claSyntheticBalanced.csv,0.9508501026148618,0.9508489831335171,0.9547582890407491,0.9511903304865665,0.9529038470710169
