dataset,variance score,max error,mae,mse,r2 score
regAll.csv,-0.10925064995542925,401.71397908528644,74.42141723632812,12980.722330729166,-0.11264254658550994
regBalanced.csv,-0.40831138545523005,419.32651297251385,134.44793955485025,30940.888671875,-0.5285368349500338
regEncoded.csv,-0.06529127537575226,377.09356689453125,74.10860951741536,12581.544270833334,-0.09434887320246466
regEncodedBalanced.csv,-0.4621186751622334,520.096920967102,133.74520874023438,31807.848958333332,-0.5637666375160953
regNo365.csv,-0.6785611010563745,351.227481842041,87.41250864664714,13210.042317708334,-0.7156508474918318
regOnly365.csv,-5.7898066750985215,3.77288818359375,1.4465522766113281,2.31161375840505,-58.63938764452354
regSynthetic.csv,0.032966655333020754,326.14863268534344,64.70814641316731,7353.364908854167,0.0035436310834796223
regSyntheticWith365.csv,0.6129372558329242,390.83298746744794,65.82990646362305,9602.830403645834,0.607891917280671
