,dataset,roc auc,accuracy,precision,recall,f1score
ANN
,datasets/classification/cla3monthSurvival.csv,0.4898809518698109,0.9059977673285748,0.9419735005066036,0.9593537404743157,0.949550901997066
,datasets/classification/claSyntheticBalanced.csv,0.9574305361153322,0.9582101265028093,0.9572157082455707,0.9621890763609616,0.9595814458628575
SVM
,datasets/classification/cla3monthSurvival.csv,0.5,0.9428977368830553,0.9428977368830553,1.0,0.970536569448886
,datasets/classification/claSyntheticBalanced.csv,0.9269548855755431,0.928022098753806,0.9183822791861248,0.9469266515265437,0.9322199805994147
