,ANN,RF,SVR
rec1
,356.93845,99.376,318.6057762906598
rec2
,419.24106,102.52,318.6686763224453
rec3
,393.5486,103.279,318.6469879217501
rec4
,387.53378,102.715,318.63636156386593
rec5
,379.23923,113.391,318.61994046496005
